_id,Name,Password,ProfilePicture,Email
ObjectId("65b2fa1a1c9d4f001"),user1,hashed_pw_123,profile1.jpg,user1@example.com
ObjectId("65b2fa1a1c9d4f002"),user2,hashed_pw_456,profile2.jpg,user2@example.com
ObjectId("65b2fa1a1c9d4f003"),user3,hashed_pw_789,profile3.jpg,user3@example.com
ObjectId("65b2fa1a1c9d4f004"),user4,hashed_pw_321,profile4.jpg,user4@example.com
ObjectId("65b2fa1a1c9d4f005"),user5,hashed_pw_654,profile5.jpg,user5@example.com
ObjectId("65b2fa1a1c9d4f006"),user6,hashed_pw_987,profile6.jpg,user6@example.com
ObjectId("65b2fa1a1c9d4f007"),user7,hashed_pw_234,profile7.jpg,user7@example.com
ObjectId("65b2fa1a1c9d4f008"),user8,hashed_pw_567,profile8.jpg,user8@example.com
ObjectId("65b2fa1a1c9d4f009"),user9,hashed_pw_890,profile9.jpg,user9@example.com
ObjectId("65b2fa1a1c9d4f010"),user10,hashed_pw_111,profile10.jpg,user10@example.com
